Publisher,Classification
Oxford University Press,Medicine (miscellaneous)
Oxford University Press,Neurology (clinical)
Oxford University Press,Surgery
Oxford University Press,Psychiatry and Mental Health
Oxford University Press,Genetics
Oxford University Press,General Medicine
Oxford University Press,Infectious Diseases
Oxford University Press,General Medicine
Oxford University Press,General Arts and Humanities
Oxford University Press,General Medicine
Blackwell Publishing Ltd,General Dentistry
Blackwell Publishing Ltd,General Veterinary
Blackwell Publishing Ltd,Economics and Econometrics
Blackwell Publishing Ltd,General Nursing
Blackwell Publishing Ltd,Dermatology
Blackwell Publishing Ltd,Dermatology
Blackwell Publishing Ltd,Transplantation
Blackwell Publishing Ltd,General Veterinary
Blackwell Publishing Ltd,General Veterinary
Blackwell Publishing Ltd,Ophthalmology
American Physical Society,Nuclear and High Energy Physics
American Physical Society,General Physics and Astronomy
American Physical Society,Nuclear and High Energy Physics
American Physical Society,Physics and Astronomy (miscellaneous)
American Physical Society,Nuclear and High Energy Physics
American Physical Society,Nuclear and High Energy Physics
American Physical Society,Nuclear and High Energy Physics
American Physical Society,General Physics and Astronomy
American Physical Society,General Physics and Astronomy
American Physical Society,Nuclear and High Energy Physics
American Physical Society,General Physics and Astronomy
American Physical Society,General Physics and Astronomy
American Physical Society,Nuclear and High Energy Physics
American Physical Society,Nuclear and High Energy Physics
American Physical Society,Nuclear and High Energy Physics
American Physical Society,General Physics and Astronomy
American Physical Society,Physics and Astronomy (miscellaneous)
American Physical Society,General Physics and Astronomy
American Physical Society,Physics and Astronomy (miscellaneous)
American Physical Society,General Physics and Astronomy
American Physical Society,General Physics and Astronomy
American Physical Society,Nuclear and High Energy Physics
Royal Society of Chemistry,Inorganic Chemistry
Royal Society of Chemistry,Food Science
Royal Society of Chemistry,General Materials Science
Royal Society of Chemistry,Inorganic Chemistry
Bentham Science Publishers B.V.,Drug Discovery
Bentham Science Publishers B.V.,General Psychology
Medical Association of Thailand,General Medicine
Medical Association of Thailand,General Medicine
Medical Association of Thailand,General Medicine
Medical Association of Thailand,General Medicine
Medical Association of Thailand,General Medicine
Medical Association of Thailand,General Medicine
Medical Association of Thailand,General Medicine
Medical Association of Thailand,General Medicine
Medical Association of Thailand,General Medicine
Medical Association of Thailand,General Medicine
Medical Association of Thailand,General Medicine
Medical Association of Thailand,General Medicine
Medical Association of Thailand,General Medicine
Medical Association of Thailand,General Medicine
Medical Association of Thailand,General Medicine
Medical Association of Thailand,General Medicine
Medical Association of Thailand,General Medicine
Medical Association of Thailand,General Medicine
Medical Association of Thailand,General Medicine
Medical Association of Thailand,General Medicine
Blackwell Publishing Inc.,Health Policy
Blackwell Publishing Inc.,Food Science
Elsevier B.V.,Nuclear and High Energy Physics
Elsevier B.V.,Nuclear and High Energy Physics
Elsevier B.V.,Nuclear and High Energy Physics
Elsevier B.V.,Pathology and Forensic Medicine
Elsevier B.V.,Orthopedics and Sports Medicine
Elsevier B.V.,Agronomy and Crop Science
Elsevier B.V.,Infectious Diseases
Elsevier B.V.,Pharmaceutical Science
Elsevier B.V.,Nuclear and High Energy Physics
Elsevier B.V.,Orthopedics and Sports Medicine
Elsevier B.V.,Orthopedics and Sports Medicine
Elsevier B.V.,Nuclear and High Energy Physics
Elsevier B.V.,Analytical Chemistry
Elsevier B.V.,General Dentistry
Elsevier B.V.,Aquatic Science
Elsevier B.V.,Aquatic Science
Elsevier B.V.,Nuclear and High Energy Physics
Elsevier B.V.,Nuclear and High Energy Physics
Elsevier B.V.,Nuclear and High Energy Physics
Elsevier B.V.,General Engineering
Elsevier B.V.,Analytical Chemistry
Elsevier B.V.,Horticulture
Elsevier B.V.,General Engineering
Elsevier B.V.,Agronomy and Crop Science
Elsevier B.V.,Nuclear and High Energy Physics
Elsevier B.V.,Nuclear and High Energy Physics
Elsevier B.V.,Orthopedics and Sports Medicine
Elsevier B.V.,Aquatic Science
Elsevier B.V.,Orthopedics and Sports Medicine
Lippincott Williams and Wilkins,Ophthalmology
Lippincott Williams and Wilkins,Ophthalmology
Lippincott Williams and Wilkins,Gastroenterology
Lippincott Williams and Wilkins,General Medicine
Lippincott Williams and Wilkins,Transplantation
Lippincott Williams and Wilkins,Anesthesiology and Pain Medicine
Lippincott Williams and Wilkins,Surgery
Lippincott Williams and Wilkins,Surgery
Lippincott Williams and Wilkins,General Medicine
Lippincott Williams and Wilkins,Obstetrics and Gynecology
Lippincott Williams and Wilkins,Ophthalmology
Lippincott Williams and Wilkins,Ophthalmology
Lippincott Williams and Wilkins,Radiology
Lippincott Williams and Wilkins,Psychiatry and Mental Health
Lippincott Williams and Wilkins,Critical Care and Intensive Care Medicine
Springer Verlag,Nuclear and High Energy Physics
Springer Verlag,Nuclear and High Energy Physics
Springer Verlag,Hematology
Springer Verlag,Nuclear and High Energy Physics
Springer Verlag,Nuclear and High Energy Physics
Springer Verlag,Nuclear and High Energy Physics
Springer Verlag,Nuclear and High Energy Physics
Springer Verlag,Nuclear and High Energy Physics
Springer Verlag,Otorhinolaryngology
Springer Verlag,Nuclear and High Energy Physics
Springer Verlag,Nuclear and High Energy Physics
Chulalongkorn University Printing House,General Veterinary
Chulalongkorn University Printing House,General Veterinary
Chulalongkorn University Printing House,General Veterinary
Chulalongkorn University Printing House,General Veterinary
Chulalongkorn University Printing House,General Veterinary
Chulalongkorn University Printing House,General Veterinary
Chulalongkorn University Printing House,General Veterinary
Chulalongkorn University Printing House,General Veterinary
Institute of Physics Publishing,General Physics and Astronomy
Institute of Physics Publishing,General Physics and Astronomy
Institute of Physics Publishing,General Physics and Astronomy
Institute of Physics Publishing,General Physics and Astronomy
Institute of Physics Publishing,General Physics and Astronomy
Institute of Physics Publishing,General Physics and Astronomy
Institute of Physics Publishing,General Physics and Astronomy
Academic Press,Food Science
Routledge,Library and Information Sciences
Routledge,Sociology and Political Science
Routledge,Education
Springer International Publishing,General Psychology
Springer International Publishing,General Medicine
Springer International Publishing,General Medicine
Springer International Publishing,Pharmacology (medical)
Springer International Publishing,General Medicine
Elsevier Inc.,Multidisciplinary
Elsevier Inc.,Multidisciplinary
Elsevier Inc.,Marketing
Elsevier Inc.,Pathology and Forensic Medicine
Elsevier Inc.,Nephrology
Elsevier Inc.,Obstetrics and Gynecology
Elsevier Inc.,Ophthalmology
Elsevier Inc.,Multidisciplinary
Elsevier Inc.,Orthodontics
Elsevier Inc.,Radiology
Elsevier Inc.,Obstetrics and Gynecology
Elsevier Inc.,Nephrology
Elsevier Inc.,General Dentistry
Chulalognkorn University,General Arts and Humanities
Chulalognkorn University,General Arts and Humanities
Springer Netherlands,General Chemistry
Springer Netherlands,Demography
Springer Netherlands,General Chemistry
Chulalongkorn University,General Engineering
Chulalongkorn University,General Engineering
Chulalongkorn University,General Engineering
Chulalongkorn University,General Engineering
Chulalongkorn University,General Engineering
Malaysian Consumer and Family Economics Association,General Economics
IOS Press,Artificial Intelligence
Elsevier Ltd,General Psychology
Elsevier Ltd,General Dentistry
Elsevier Ltd,Renewable Energy
Elsevier Ltd,Multidisciplinary
Elsevier Ltd,Multidisciplinary
Elsevier Ltd,Multidisciplinary
Elsevier Ltd,Materials Science (miscellaneous)
Elsevier Ltd,Multidisciplinary
Elsevier Ltd,Surgery
Elsevier Ltd,General Materials Science
Elsevier Ltd,Surgery
Elsevier Ltd,General Energy
Elsevier Ltd,Renewable Energy
Elsevier Ltd,Materials Science (miscellaneous)
Elsevier Ltd,Materials Science (miscellaneous)
Elsevier Ltd,Renewable Energy
Elsevier Ltd,General Materials Science
Elsevier Ltd,Renewable Energy
Elsevier Ltd,General Energy
Elsevier Ltd,Multidisciplinary
Elsevier Ltd,Renewable Energy
Elsevier Ltd,Food Science
Elsevier Ltd,Finance
Elsevier Ltd,Food Science
Elsevier Ltd,Multidisciplinary
Elsevier Ltd,Multidisciplinary
Elsevier Ltd,Multidisciplinary
Elsevier Ltd,Finance
Elsevier Ltd,Geochemistry and Petrology
Elsevier Ltd,Multidisciplinary
Elsevier Ltd,Multidisciplinary
Elsevier Ltd,General Energy
Elsevier Ltd,Multidisciplinary
Wiley-Liss Inc.,Hematology
Hindawi Limited,Complementary and Alternative Medicine
Hindawi Limited,Civil and Structural Engineering
World Scientific Publishing Co. Pte Ltd,General Mathematics
John Wiley and Sons Inc.,Electrical and Electronic Engineering
Kasetsart University Research and Development Institute,General Social Sciences
Kasetsart University Research and Development Institute,General Social Sciences
Kasetsart University Research and Development Institute,General Social Sciences
Kasetsart University Research and Development Institute,General Social Sciences
Kasetsart University Research and Development Institute,General Social Sciences
Kasetsart University Research and Development Institute,General Social Sciences
Institute of Electrical and Electronics Engineers Inc.,Biomedical Engineering
Institute of Electrical and Electronics Engineers Inc.,General Computer Science
Springer Tokyo,Physiology
Blanquerna School of Communication and International Relations,Communication
Dove Medical Press Ltd.,Geriatrics and Gerontology
Dove Medical Press Ltd.,Geriatrics and Gerontology
Newswood Limited,Computer Science (miscellaneous)
Newswood Limited,Computer Science (miscellaneous)
Blackwell Publishing,General Agricultural and Biological Sciences
Blackwell Publishing,Health Policy
Blackwell Publishing,Rheumatology
Italian Association of Chemical Engineering - AIDIC,General Chemical Engineering
Italian Association of Chemical Engineering - AIDIC,General Chemical Engineering
Italian Association of Chemical Engineering - AIDIC,General Chemical Engineering
Italian Association of Chemical Engineering - AIDIC,General Chemical Engineering
Italian Association of Chemical Engineering - AIDIC,General Chemical Engineering
Italian Association of Chemical Engineering - AIDIC,General Chemical Engineering
Italian Association of Chemical Engineering - AIDIC,General Chemical Engineering
MDPI AG,Drug Discovery
MDPI AG,Drug Discovery
MDPI AG,Insect Science
MDPI AG,Pharmaceutical Science
MDPI AG,General Mathematics
Springer Science and Business Media Deutschland GmbH,Cardiology and Cardiovascular Medicine
Springer Science and Business Media Deutschland GmbH,Nuclear and High Energy Physics
Springer Science and Business Media Deutschland GmbH,Nuclear and High Energy Physics
Springer Science and Business Media Deutschland GmbH,Nuclear and High Energy Physics
Springer Science and Business Media Deutschland GmbH,Nuclear and High Energy Physics
Springer Science and Business Media Deutschland GmbH,Nuclear and High Energy Physics
Springer Science and Business Media Deutschland GmbH,Nuclear and High Energy Physics
Springer Science and Business Media Deutschland GmbH,Otorhinolaryngology
Springer Science and Business Media Deutschland GmbH,Critical Care and Intensive Care Medicine
Springer Science and Business Media Deutschland GmbH,Nephrology
Springer Science and Business Media Deutschland GmbH,Nuclear and High Energy Physics
Springer Science and Business Media Deutschland GmbH,Nuclear and High Energy Physics
Springer Science and Business Media Deutschland GmbH,Civil and Structural Engineering
Springer Science and Business Media Deutschland GmbH,Nuclear and High Energy Physics
Springer Science and Business Media Deutschland GmbH,Civil and Structural Engineering
Springer Science and Business Media Deutschland GmbH,Renewable Energy
Springer Science and Business Media Deutschland GmbH,Nuclear and High Energy Physics
Springer Science and Business Media Deutschland GmbH,Civil and Structural Engineering
Wiley-Blackwell,Periodontics
Wiley-Blackwell,Gerontology
Wiley-Blackwell,Periodontics
Wiley-Blackwell,Periodontics
Wiley-Blackwell,General Veterinary
Wiley-Blackwell,Periodontics
Taylor and Francis Ltd.,Hematology
Taylor and Francis Ltd.,General Veterinary
Taylor and Francis Ltd.,General Dentistry
Taylor and Francis Ltd.,Hematology
Taylor and Francis Ltd.,Architecture
Taylor and Francis Ltd.,Physical Therapy
Taylor and Francis Ltd.,Materials Science (miscellaneous)
Institute of Physical Optics,Atomic and Molecular Physics
John Wiley and Sons Inc,General Veterinary
John Wiley and Sons Inc,Organic Chemistry
John Wiley and Sons Inc,Renewable Energy
John Wiley and Sons Inc,Dermatology
John Wiley and Sons Inc,General Dentistry
John Wiley and Sons Inc,Obstetrics and Gynecology
John Wiley and Sons Inc,General Nursing
John Wiley and Sons Inc,Surgery
John Wiley and Sons Inc,Cardiology and Cardiovascular Medicine
John Wiley and Sons Inc,General Chemical Engineering
John Wiley and Sons Inc,Dermatology
John Wiley and Sons Inc,Ecology
John Wiley and Sons Inc,Cardiology and Cardiovascular Medicine
John Wiley and Sons Inc,Periodontics
John Wiley and Sons Inc,General Nursing
John Wiley and Sons Inc,General Dentistry
John Wiley and Sons Inc,Dermatology
John Wiley and Sons Inc,Periodontics
John Wiley and Sons Inc,Otorhinolaryngology
John Wiley and Sons Inc,General Nursing
John Wiley and Sons Inc,Water Science and Technology
Indian Pharmaceutical Association,Pharmaceutical Science
Springer Nature,Pediatrics
Springer Nature,General Social Sciences
Ecological Society of America,Ecology
Universiti Putra Malaysia,Food Science
Universiti Putra Malaysia,Food Science
Universiti Putra Malaysia,Agronomy and Crop Science
De Gruyter,General Medicine
National Academy of Sciences,Multidisciplinary
National Academy of Sciences,Multidisciplinary
National Academy of Sciences,Multidisciplinary
National Academy of Sciences,Multidisciplinary
"Chulalongkorn University, Faculty of Fine and Applied Arts",General Engineering
"Chulalongkorn University, Faculty of Fine and Applied Arts",General Engineering
"Chulalongkorn University, Faculty of Fine and Applied Arts",General Engineering
"Chulalongkorn University, Faculty of Fine and Applied Arts",General Engineering
"Chulalongkorn University, Faculty of Fine and Applied Arts",General Engineering
"Chulalongkorn University, Faculty of Fine and Applied Arts",General Engineering
"Chulalongkorn University, Faculty of Fine and Applied Arts",General Engineering
"Chulalongkorn University, Faculty of Fine and Applied Arts",General Engineering
"Chulalongkorn University, Faculty of Fine and Applied Arts",General Engineering
"Chulalongkorn University, Faculty of Fine and Applied Arts",General Engineering
"Chulalongkorn University, Faculty of Fine and Applied Arts",General Engineering
"Chulalongkorn University, Faculty of Fine and Applied Arts",General Engineering
"Chulalongkorn University, Faculty of Fine and Applied Arts",General Engineering
"Chulalongkorn University, Faculty of Fine and Applied Arts",General Engineering
"Chulalongkorn University, Faculty of Fine and Applied Arts",General Engineering
"Chulalongkorn University, Faculty of Fine and Applied Arts",General Engineering
Nature Publishing Group,Multidisciplinary
Nature Publishing Group,Multidisciplinary
Nature Publishing Group,Multidisciplinary
Nature Publishing Group,Multidisciplinary
Nature Publishing Group,Multidisciplinary
Nature Publishing Group,Multidisciplinary
Association for Computing Machinery,General Computer Science
Emerald Group Holdings Ltd.,Marketing
Emerald Group Holdings Ltd.,Business
Sciendo,General Biochemistry
Sciendo,General Biochemistry
Sciendo,General Biochemistry
Sciendo,General Biochemistry
Sciendo,General Biochemistry
Sciendo,Space and Planetary Science
Sciendo,General Biochemistry
SAGE Publications Inc.,General Nursing
SAGE Publications Inc.,Hematology
SAGE Publications Inc.,General Biochemistry
SAGE Publications Inc.,Education
SAGE Publications Inc.,General Nursing
SAGE Publications Inc.,Health Policy
Academic Press Inc.,Surgery
Academic Press Inc.,Biotechnology
Academic Press Inc.,General Physics and Astronomy
Academic Press Inc.,Applied Microbiology and Biotechnology
Kowsar Medical Institute,Orthopedics and Sports Medicine
Editions de Sante,Pharmaceutical Science
Editions de Sante,Pharmaceutical Science
Springer-Verlag Wien,Analytical Chemistry
AME Publishing Company,Surgery
Walailak University,Multidisciplinary
Walailak University,Multidisciplinary
Walailak University,Multidisciplinary
Walailak University,Multidisciplinary
Walailak University,Multidisciplinary
Walailak University,Multidisciplinary
Frontiers Media S.A.,General Psychology
Frontiers Media S.A.,General Veterinary
Frontiers Media S.A.,Plant Science
Frontiers Media S.A.,Plant Science
Frontiers Media S.A.,Public Health
Frontiers Media S.A.,General Medicine
Frontiers Media S.A.,General Veterinary
Frontiers Media S.A.,Surgery
Frontiers Media S.A.,General Psychology
Frontiers Media S.A.,Education
Frontiers Media S.A.,Surgery
Frontiers Media S.A.,General Psychology
Frontiers Media S.A.,Surgery
NLM (Medline),General Dentistry
NLM (Medline),Ophthalmology
NLM (Medline),General Medicine
NLM (Medline),General Medicine
NLM (Medline),General Medicine
Lancet Publishing Group,Pulmonary and Respiratory Medicine
John Wiley and Sons Ltd,Pharmacology (medical)
Taylor and Francis Ltd,Dermatology
Taylor and Francis Ltd,Health Policy
Taylor and Francis Ltd,Obstetrics and Gynecology
Taylor and Francis Ltd,Otorhinolaryngology
Taylor and Francis Ltd,Ophthalmology
Taylor and Francis Ltd,Obstetrics and Gynecology
American Society for Clinical Investigation,General Medicine
Springer,Nuclear and High Energy Physics
Springer,Economics and Econometrics
Springer,General Dentistry
Springer,Nuclear and High Energy Physics
Springer,Nuclear and High Energy Physics
Springer,Virology
Springer,Analytical Chemistry
Springer,Food Science
Springer,General Biochemistry
Springer,Food Science
Springer,Hepatology
Springer,Ophthalmology
Springer,Hepatology
Springer,Health (social science)
Springer,Psychiatry and Mental Health
Nature Research,Multidisciplinary
Nature Research,Multidisciplinary
Nature Research,Multidisciplinary
Nature Research,Multidisciplinary
Nature Research,Multidisciplinary
Nature Research,Nephrology
Nature Research,Multidisciplinary
Nature Research,Multidisciplinary
Nature Research,Multidisciplinary
Nature Research,Multidisciplinary
Nature Research,Multidisciplinary
Nature Research,Multidisciplinary
Nature Research,Multidisciplinary
Nature Research,Multidisciplinary
Nature Research,Multidisciplinary
Nature Research,Multidisciplinary
Nature Research,Multidisciplinary
Nature Research,Multidisciplinary
Nature Research,Astronomy and Astrophysics
Nature Research,Multidisciplinary
Nature Research,Multidisciplinary
Nature Research,Multidisciplinary
Nature Research,Multidisciplinary
Nature Research,Multidisciplinary
Nature Research,Multidisciplinary
Nature Research,Multidisciplinary
Nature Research,Multidisciplinary
Nature Research,Multidisciplinary
Nature Research,Multidisciplinary
Nature Research,Multidisciplinary
Nature Research,Multidisciplinary
Nature Research,Nephrology
Nature Research,Multidisciplinary
Nature Research,Multidisciplinary
Nature Research,Multidisciplinary
Nature Research,Multidisciplinary
Nature Research,Multidisciplinary
Nature Research,Multidisciplinary
Nature Research,Multidisciplinary
Nature Research,Multidisciplinary
Nature Research,Multidisciplinary
Nature Research,Multidisciplinary
Nature Research,Multidisciplinary
Nature Research,Multidisciplinary
Nature Research,General Physics and Astronomy
BioMed Central Ltd.,General Veterinary
BioMed Central Ltd.,Pediatrics
BioMed Central Ltd.,Public Health
BioMed Central Ltd.,Endocrinology
BioMed Central Ltd.,General Veterinary
BioMed Central Ltd.,Critical Care and Intensive Care Medicine
Churchill Livingstone Inc.,Orthopedics and Sports Medicine
Matrix Medical Communications,Dermatology
American Chemical Society,Analytical Chemistry
American Chemical Society,Analytical Chemistry
American Chemical Society,General Materials Science
American Chemical Society,General Materials Science
American Chemical Society,General Materials Science
American Chemical Society,General Materials Science
W.B. Saunders,Nephrology
W.B. Saunders,Emergency Medicine
W.B. Saunders,Nephrology
World Scientific,Orthopedics and Sports Medicine
World Scientific,Economics and Econometrics
World Scientific,Economics and Econometrics
World Scientific,General Mathematics
World Scientific,Economics and Econometrics
IGI Global,General Social Sciences
Springer Science and Business Media B.V.,General Mathematics
Springer Science and Business Media B.V.,Polymers and Plastics
Springer Science and Business Media B.V.,Ophthalmology
Dustri-Verlag Dr. Karl Feistle,Nephrology
American Institute of Physics Inc.,General Physics and Astronomy
American Institute of Physics Inc.,General Physics and Astronomy
American Institute of Physics Inc.,General Physics and Astronomy
American Institute of Physics Inc.,Physics and Astronomy (miscellaneous)
American Institute of Physics Inc.,General Physics and Astronomy
American Institute of Physics Inc.,General Physics and Astronomy
American Institute of Physics Inc.,Physics and Astronomy (miscellaneous)
SAGE Publications Ltd,General Medicine
SAGE Publications Ltd,Surgery
SAGE Publications Ltd,Small Animals
SAGE Publications Ltd,General Medicine
Public Library of Science,Multidisciplinary
Public Library of Science,Multidisciplinary
Public Library of Science,Multidisciplinary
Public Library of Science,Multidisciplinary
Public Library of Science,Multidisciplinary
Public Library of Science,Multidisciplinary
Public Library of Science,Multidisciplinary
Public Library of Science,Multidisciplinary
Public Library of Science,Multidisciplinary
Public Library of Science,Multidisciplinary
Public Library of Science,Multidisciplinary
Public Library of Science,Multidisciplinary
Public Library of Science,Multidisciplinary
Public Library of Science,Multidisciplinary
Public Library of Science,Multidisciplinary
Public Library of Science,Multidisciplinary
Public Library of Science,Multidisciplinary
Public Library of Science,Multidisciplinary
Public Library of Science,Multidisciplinary
Public Library of Science,Multidisciplinary
Public Library of Science,General Medicine
Public Library of Science,Multidisciplinary
Public Library of Science,Multidisciplinary
Public Library of Science,Multidisciplinary
Public Library of Science,Multidisciplinary
Public Library of Science,Multidisciplinary
Public Library of Science,Multidisciplinary
Public Library of Science,Multidisciplinary
Public Library of Science,Multidisciplinary
Wolters Kluwer Medknow Publications,General Medicine
Wolters Kluwer Medknow Publications,Critical Care and Intensive Care Medicine
Wolters Kluwer Medknow Publications,Biochemistry
Wolters Kluwer Medknow Publications,General Pharmacology
Pensoft Publishers,Animal Science and Zoology
BioMed Central Ltd,Dermatology
BioMed Central Ltd,General Veterinary
BioMed Central Ltd,Pediatrics
BioMed Central Ltd,Hematology
BioMed Central Ltd,Pulmonary and Respiratory Medicine
BioMed Central Ltd,Gastroenterology
BioMed Central Ltd,General Medicine
BioMed Central Ltd,General Biochemistry
BioMed Central Ltd,Complementary and Alternative Medicine
BioMed Central Ltd,Health Policy
BioMed Central Ltd,Complementary and Alternative Medicine
BioMed Central Ltd,Nephrology
BioMed Central Ltd,Medicine (miscellaneous)
BioMed Central Ltd,General Medicine
BioMed Central Ltd,Medicine (miscellaneous)
BioMed Central Ltd,Health Policy
BioMed Central Ltd,Complementary and Alternative Medicine
BioMed Central Ltd,General Dentistry
S. Karger AG,Immunology and Allergy
S. Karger AG,Dermatology
S. Karger AG,Dermatology
BMJ Publishing Group,Anesthesiology and Pain Medicine
BMJ Publishing Group,General Medicine
BMJ Publishing Group,General Medicine
BMJ Publishing Group,General Medicine
Quintessence Publishing Co. Inc.,Oral Surgery
Taiwan Geotechnical Society,Geotechnical Engineering and Engineering Geology
Asiatic Herpetological Research Society,Animal Science and Zoology
Elsevier,General Medicine
Elsevier,General Medicine
Elsevier,General Energy
Elsevier,General Earth and Planetary Sciences
Elsevier,General Social Sciences
Elsevier,General Agricultural and Biological Sciences
Elsevier,General Agricultural and Biological Sciences
Elsevier,General Biochemistry
Ayub Medical College,General Medicine
The Japanese Society of Animal Reproduction (JSAR),Animal Science and Zoology
Belitung Raya Publisher - Belitung Raya Foundation,General Nursing
Belitung Raya Publisher - Belitung Raya Foundation,General Nursing
Belitung Raya Publisher - Belitung Raya Foundation,General Nursing
Belitung Raya Publisher - Belitung Raya Foundation,General Nursing
Asia-Pacific Academy of Ophthalmology,Ophthalmology
British Institute of Radiology,General Medicine
Dove Medical Press Ltd,Ophthalmology
Dove Medical Press Ltd,Ophthalmology
Dove Medical Press Ltd,Oncology
Dove Medical Press Ltd,Dermatology
Dove Medical Press Ltd,Ophthalmology
Information Systems Audit and Control Association (ISACA),Control and Systems Engineering
Chiang Mai University,General Mathematics
Korean Society of Environmental Engineers,Environmental Engineering
Korean Society of Environmental Engineers,Environmental Engineering
Elsevier Ireland Ltd,Pathology and Forensic Medicine
Elsevier Ireland Ltd,Cardiology and Cardiovascular Medicine
IOP Publishing Ltd,General Physics and Astronomy
IOP Publishing Ltd,General Physics and Astronomy
IOP Publishing Ltd,General Physics and Astronomy
American Society of Hematology,Hematology
American Society of Hematology,Hematology
American Society of Hematology,Hematology
American Society of Hematology,Hematology
Taylor and Francis Inc.,General Arts and Humanities
Taylor and Francis Inc.,General Mathematics
Science Society of Thailand under Royal Patronage,Multidisciplinary
Science Society of Thailand under Royal Patronage,Multidisciplinary
Science Society of Thailand under Royal Patronage,Multidisciplinary
Science Society of Thailand under Royal Patronage,Multidisciplinary
Science Society of Thailand under Royal Patronage,Multidisciplinary
Science Society of Thailand under Royal Patronage,Multidisciplinary
Science Society of Thailand under Royal Patronage,Multidisciplinary
Science Society of Thailand under Royal Patronage,Multidisciplinary
Science Society of Thailand under Royal Patronage,Multidisciplinary
Science Society of Thailand under Royal Patronage,Multidisciplinary
American Academy of Ophthalmology,Ophthalmology
American Society for Microbiology,Microbiology (medical)
International Journal of Environmental Science and Development,General Environmental Science
International Journal of Environmental Science and Development,General Environmental Science
Veterinary World,General Veterinary
Veterinary World,General Veterinary
Veterinary World,General Veterinary
Veterinary World,General Veterinary
Veterinary World,General Veterinary
Veterinary World,General Veterinary
Veterinary World,General Veterinary
Copernicus GmbH,General Earth and Planetary Sciences
EManuscript Technologies,Pharmaceutical Science
EManuscript Technologies,Pharmaceutical Science
Royal Thai College of Obstetricians and Gynaecologists,Obstetrics and Gynecology
Royal Thai College of Obstetricians and Gynaecologists,Obstetrics and Gynecology
Royal Thai College of Obstetricians and Gynaecologists,Obstetrics and Gynecology
Royal Thai College of Obstetricians and Gynaecologists,Obstetrics and Gynecology
Bentham Science Publishers,Drug Discovery
BioMed Central,Public Health
BioMed Central,General Medicine
American Psychological Association Inc.,Experimental and Cognitive Psychology
Cell Press,General Energy
"Bellwether Publishing, Ltd.",Environmental Engineering
World Scientific Publishing Co.,General Social Sciences
Prince of Songkla University,Multidisciplinary
Prince of Songkla University,General Medicine
Prince of Songkla University,General Medicine
Prince of Songkla University,Multidisciplinary
Prince of Songkla University,Multidisciplinary
Prince of Songkla University,Multidisciplinary
Prince of Songkla University,Multidisciplinary
Massachussetts Medical Society,General Medicine
"Gem-A, The Gemmological Association of Great Britain",Geochemistry and Petrology
Japanese Society of Veterinary Science,General Veterinary
W.B. Saunders Ltd,Pulmonary and Respiratory Medicine
Korean Urological Association,Urology
Kasetsart University,General Agricultural and Biological Sciences
Kasetsart University,General Agricultural and Biological Sciences
Kasetsart University,General Social Sciences
Nickan Research Institute,Drug Discovery
Mosby Inc.,Surgery
University of Dicle,General Dentistry
King Saud bin Abdulaziz University,General Computer Science
American Association for Cancer Research Inc.,General Medicine
Wolters Kluwer Health,Radiology
MDPI,General Medicine
MDPI,General Veterinary
MDPI,Pharmaceutical Science
MDPI,General Medicine
MDPI,Medicine (miscellaneous)
MDPI,General Veterinary
MDPI,General Neuroscience
MDPI,General Mathematics
MDPI,Automotive Engineering
MDPI,Information Systems
MDPI,General Biochemistry
MDPI,Environmental Science (miscellaneous)
Springer Japan,Molecular Medicine
Springer Japan,Molecular Medicine
Springer Japan,Molecular Medicine
Chulalongkorn University - Environmental Research Institute,General Environmental Science
Chulalongkorn University - Environmental Research Institute,General Environmental Science
Institute of Physics,General Physics and Astronomy
Institute of Physics,General Physics and Astronomy
Edward Elgar Publishing Ltd.,General Social Sciences
Social Sciences Research Society,Economics
American Society of Exercise Physiologists,Physiology (medical)
American Society of Exercise Physiologists,Physiology (medical)
American Society of Exercise Physiologists,Physiology (medical)
Baishideng Publishing Group Co,Hepatology
American Meteorological Society,Atmospheric Science
American Society of Clinical Oncology,General Medicine
Copernicus Publications,General Earth and Planetary Sciences
Jaypee Brothers Medical Publishers (P) Ltd,Critical Care and Intensive Care Medicine
Galenos,Radiology
Techno-Press,Computational Mechanics
Common Ground Research Networks,Sociology and Political Science
"Nova Science Publishers, Inc.",General Immunology and Microbiology
"Nova Science Publishers, Inc.",General Immunology and Microbiology
"Nova Science Publishers, Inc.",General Agricultural and Biological Sciences
Japan Institute of Energy,General Energy
Gebruder Borntraeger Verlagsbuchhandlung,Geochemistry and Petrology
Georg Thieme Verlag,General Dentistry
Georg Thieme Verlag,General Dentistry
Georg Thieme Verlag,General Dentistry
Blackwell Munksgaard,Periodontics
MDPI Multidisciplinary Digital Publishing Institute,General Physics and Astronomy
International Society for Horticultural Science,Horticulture
Associacao Brasileira de Psiquiatria,Psychiatry and Mental Health
Hellenic Society of Gastroenterology,Gastroenterology
Current Medicine Group LLC 1,Dermatology
Korean Society of Industrial Engineering Chemistry,General Chemical Engineering
American Roentgen Ray Society,Radiology
Resilience Alliance,Ecology
Ain Shams University,General Engineering
"Faculty of Medicine Siriraj Hospital, Mahidol University",General Medicine
Asian Association on Remote Sensing,Information Systems
Sissa Medialab Srl,Multidisciplinary
Sissa Medialab Srl,Multidisciplinary
Sissa Medialab Srl,Multidisciplinary
Sissa Medialab Srl,Multidisciplinary
Allen Press Inc.,Orthodontics
Emerald Publishing,Marketing
Emerald Publishing,Business
Editura Universitatii din Pitesti,Physical Therapy
International Council of Associations for Science Education (ICASE),Education
World Scientific Publishing Co. Pte. Ltd.,General Social Sciences
International Union Against Tuberculosis and Lung Disease,General Medicine
International Rhinologic Society,Otorhinolaryngology
International Rhinologic Society,Otorhinolaryngology
Odontologijos Studija,General Medicine
Pakistan Medical Association,General Nursing
Kathmandu University,General Medicine
Science Frontiers editorial department,Geology
Silpakorn University,Multidisciplinary
Frontiers Media SA,General Veterinary
Frontiers Media SA,Pediatrics
Frontiers Media SA,Plant Science
European Respiratory Society,Pulmonary and Respiratory Medicine
"Faculty of Veterinary Medicine, University of Tripoli",General Veterinary
CRC Press,General Computer Science
Universidade de Sao Paulo. Museu de Zoologia,Psychiatry and Mental Health
TUBITAK,General Mathematics
Association for Dental Sciences of the Republic of China,General Dentistry
